date,title
16 Aug 2018,JSW pips Tata Steel to bag Bhushan Power
16 Aug 2018,"World crude steel production up 5.8% in July, says worldsteel"
16 Aug 2018,Strong demand sends China’s steel prices to 2018 highs
13 Aug 2018,Crude steel output up 6% to 8.73 MT in July
13 Aug 2018,Jindal Steel and Power posts profit after 14 quarters
13 Aug 2018,‘India can meet 300 mtpa steel production target by 2030’
03 Aug 2018,Japan's June steel exports fall 2% on year to 3.15 mil mt
03 Aug 2018,"China steel, iron ore fall on fresh US-China trade worries"
03 Aug 2018,U.S. steel production up 3.1 percent so far this year
31 Jul 2018,Shanghai steel heads for best month in eight on supply curbs
31 Jul 2018,Iron ore continues to climb
27 Jul 2018,NCLAT reserves order over Bhushan Steel
27 Jul 2018,Steel makers uneasy over iron ore price surge as steel prices soften
27 Jul 2018,Pellet plant to meet part of RINL’s iron ore requirement
25 Jul 2018,JSW Steel eyes turnaround of Monnet Ispat in a year
25 Jul 2018,"JSW Steel plans to invest ₹45,000 crore"
25 Jul 2018,Premium prices being paid for Kumba’s quality iron-ore
25 Jul 2018,"India: Steel Output Rises 4.4%, Consumption Up 8.4% In Q1 In FY19"
23 Jul 2018,"Steel output rises 4.4%, consumption up 8.4% in Q1 in FY19"
23 Jul 2018,"China launches probe into stainless steel imports from EU, Japan, South Korea, Indonesia"
,1
,2
,3
,
,Next >
,Last »
,Overview
,Materials Auctioned
,Steel Plants
,Auction Types
,Live Auction
,Pre Auction
,Post Auction
,Grievances
,"Our Vision, Mission and Values"
,Accreditations
,Alliances
,Awards
,Case Studies
,Ethics
,Contact Us
,Site Map
,How does it work
,Bidder Registration
,Testimonials
,FAQ
,Metal News
,Steel Insight
,
,
,
,Terms of Service
,Privacy Guidelines
,Contact us
,Corporate Site
,
,
,
,
,
,
,
,
,
,
,
,
,
